[
  {
    "value": "000webhost",
    "synonyms": [
      "000webhost",
      "000webhost",
      "000webhost.com"
    ]
  },
  {
    "value": "126",
    "synonyms": [
      "126",
      "126",
      "126.com"
    ]
  },
  {
    "value": "17Media",
    "synonyms": [
      "17Media",
      "17",
      "17app.co"
    ]
  },
  {
    "value": "2fast4u",
    "synonyms": [
      "2fast4u",
      "2fast4u",
      "2fast4u.be"
    ]
  },
  {
    "value": "7k7k",
    "synonyms": [
      "7k7k",
      "7k7k",
      "7k7k.com"
    ]
  },
  {
    "value": "8tracks",
    "synonyms": [
      "8tracks",
      "8tracks",
      "8tracks.com"
    ]
  },
  {
    "value": "Abandonia",
    "synonyms": [
      "Abandonia",
      "Abandonia",
      "abandonia.com"
    ]
  },
  {
    "value": "AbuseWithUs",
    "synonyms": [
      "AbuseWithUs",
      "AbuseWith.Us",
      "abusewith.us"
    ]
  },
  {
    "value": "AcneOrg",
    "synonyms": [
      "AcneOrg",
      "Acne.org",
      "acne.org"
    ]
  },
  {
    "value": "Adobe",
    "synonyms": [
      "Adobe",
      "Adobe",
      "adobe.com"
    ]
  },
  {
    "value": "AdultFriendFinder",
    "synonyms": [
      "AdultFriendFinder",
      "Adult Friend Finder",
      "adultfriendfinder.com"
    ]
  },
  {
    "value": "AhaShare",
    "synonyms": [
      "AhaShare",
      "AhaShare.com",
      "ahashare.com"
    ]
  },
  {
    "value": "AIType",
    "synonyms": [
      "AIType",
      "ai.type",
      "aitype.com"
    ]
  },
  {
    "value": "Aipai",
    "synonyms": [
      "Aipai",
      "Aipai.com",
      "aipai.com"
    ]
  },
  {
    "value": "AKP",
    "synonyms": [
      "AKP",
      "AKP Emails",
      "akparti.org.tr"
    ]
  },
  {
    "value": "Ancestry",
    "synonyms": [
      "Ancestry",
      "Ancestry",
      "ancestry.com"
    ]
  },
  {
    "value": "AndroidForums",
    "synonyms": [
      "AndroidForums",
      "Android Forums",
      "androidforums.com"
    ]
  },
  {
    "value": "AntiPublic",
    "synonyms": [
      "AntiPublic",
      "Anti Public Combo List"
    ]
  },
  {
    "value": "ArmyForceOnline",
    "synonyms": [
      "ArmyForceOnline",
      "Army Force Online",
      "armyforceonline.com"
    ]
  },
  {
    "value": "AshleyMadison",
    "synonyms": [
      "AshleyMadison",
      "Ashley Madison",
      "ashleymadison.com"
    ]
  },
  {
    "value": "AstroPID",
    "synonyms": [
      "AstroPID",
      "Astropid",
      "astropid.com"
    ]
  },
  {
    "value": "Aternos",
    "synonyms": [
      "Aternos",
      "Aternos",
      "aternos.org"
    ]
  },
  {
    "value": "Autocentrum",
    "synonyms": [
      "Autocentrum",
      "Autocentrum.pl",
      "autocentrum.pl"
    ]
  },
  {
    "value": "Avast",
    "synonyms": [
      "Avast",
      "Avast",
      "avast.com"
    ]
  },
  {
    "value": "B2BUSABusinesses",
    "synonyms": [
      "B2BUSABusinesses",
      "B2B USA Businesses"
    ]
  },
  {
    "value": "Badoo",
    "synonyms": [
      "Badoo",
      "Badoo",
      "badoo.com"
    ]
  },
  {
    "value": "BattlefieldHeroes",
    "synonyms": [
      "BattlefieldHeroes",
      "Battlefield Heroes",
      "battlefieldheroes.com"
    ]
  },
  {
    "value": "BeautifulPeople",
    "synonyms": [
      "BeautifulPeople",
      "Beautiful People",
      "beautifulpeople.com"
    ]
  },
  {
    "value": "Bell",
    "synonyms": [
      "Bell",
      "bell.ca"
    ]
  },
  {
    "value": "Bell2017",
    "synonyms": [
      "Bell2017",
      "bell.ca"
    ]
  },
  {
    "value": "BigMoneyJobs",
    "synonyms": [
      "BigMoneyJobs",
      "BigMoneyJobs",
      "bigmoneyjobs.com"
    ]
  },
  {
    "value": "BinWeevils",
    "synonyms": [
      "BinWeevils",
      "Bin Weevils",
      "binweevils.com"
    ]
  },
  {
    "value": "BiohackMe",
    "synonyms": [
      "BiohackMe",
      "Biohack.me",
      "biohack.me"
    ]
  },
  {
    "value": "BTSec",
    "synonyms": [
      "BTSec",
      "Bitcoin Security Forum Gmail Dump",
      "forum.btcsec.com"
    ]
  },
  {
    "value": "BitcoinTalk",
    "synonyms": [
      "BitcoinTalk",
      "Bitcoin Talk",
      "bitcointalk.org"
    ]
  },
  {
    "value": "Bitly",
    "synonyms": [
      "Bitly",
      "Bitly",
      "bitly.com"
    ]
  },
  {
    "value": "BitTorrent",
    "synonyms": [
      "BitTorrent",
      "BitTorrent",
      "bittorrent.com"
    ]
  },
  {
    "value": "BlackHatWorld",
    "synonyms": [
      "BlackHatWorld",
      "Black Hat World",
      "blackhatworld.com"
    ]
  },
  {
    "value": "Bolt",
    "synonyms": [
      "Bolt",
      "Bolt",
      "bolt.cd"
    ]
  },
  {
    "value": "BotOfLegends",
    "synonyms": [
      "BotOfLegends",
      "Bot of Legends",
      "botoflegends.com"
    ]
  },
  {
    "value": "Boxee",
    "synonyms": [
      "Boxee",
      "Boxee",
      "forums.boxee.com"
    ]
  },
  {
    "value": "Brazzers",
    "synonyms": [
      "Brazzers",
      "Brazzers",
      "brazzers.com"
    ]
  },
  {
    "value": "BTCE",
    "synonyms": [
      "BTCE",
      "BTC-E",
      "btc-e.com"
    ]
  },
  {
    "value": "BusinessAcumen",
    "synonyms": [
      "BusinessAcumen",
      "Business Acumen Magazine",
      "businessacumen.biz"
    ]
  },
  {
    "value": "CafeMom",
    "synonyms": [
      "CafeMom",
      "CafeMom",
      "cafemom.com"
    ]
  },
  {
    "value": "CannabisForum",
    "synonyms": [
      "CannabisForum",
      "Cannabis.com",
      "cannabis.com"
    ]
  },
  {
    "value": "CDProjektRed",
    "synonyms": [
      "CDProjektRed",
      "CD Projekt RED",
      "cdprojektred.com"
    ]
  },
  {
    "value": "CheapAssGamer",
    "synonyms": [
      "CheapAssGamer",
      "CheapAssGamer.com",
      "cheapassgamer.com"
    ]
  },
  {
    "value": "CivilOnline",
    "synonyms": [
      "CivilOnline",
      "Civil Online",
      "co188.com"
    ]
  },
  {
    "value": "ClixSense",
    "synonyms": [
      "ClixSense",
      "ClixSense",
      "clixsense.com"
    ]
  },
  {
    "value": "CloudPets",
    "synonyms": [
      "CloudPets",
      "CloudPets",
      "cloudpets.com"
    ]
  },
  {
    "value": "Coachella",
    "synonyms": [
      "Coachella",
      "Coachella",
      "coachella.com"
    ]
  },
  {
    "value": "Comcast",
    "synonyms": [
      "Comcast",
      "Comcast",
      "comcast.net"
    ]
  },
  {
    "value": "COMELEC",
    "synonyms": [
      "COMELEC",
      "comelec.gov.ph"
    ]
  },
  {
    "value": "CouponMomAndArmorGames",
    "synonyms": [
      "CouponMomAndArmorGames",
      "Coupon Mom / Armor Games"
    ]
  },
  {
    "value": "CrackCommunity",
    "synonyms": [
      "CrackCommunity",
      "Crack Community",
      "crackcommunity.com"
    ]
  },
  {
    "value": "CrackingForum",
    "synonyms": [
      "CrackingForum",
      "CrackingForum",
      "crackingforum.com"
    ]
  },
  {
    "value": "CrimeAgencyVBulletin",
    "synonyms": [
      "CrimeAgencyVBulletin",
      "CrimeAgency vBulletin Hacks"
    ]
  },
  {
    "value": "CrossFire",
    "synonyms": [
      "CrossFire",
      "Cross Fire",
      "cfire.mail.ru"
    ]
  },
  {
    "value": "DaFont",
    "synonyms": [
      "DaFont",
      "DaFont",
      "dafont.com"
    ]
  },
  {
    "value": "Dailymotion",
    "synonyms": [
      "Dailymotion",
      "Dailymotion",
      "dailymotion.com"
    ]
  },
  {
    "value": "DaniWeb",
    "synonyms": [
      "DaniWeb",
      "DaniWeb",
      "daniweb.com"
    ]
  },
  {
    "value": "DataEnrichment",
    "synonyms": [
      "DataEnrichment",
      "Data Enrichment Records"
    ]
  },
  {
    "value": "DietCom",
    "synonyms": [
      "DietCom",
      "diet.com",
      "diet.com"
    ]
  },
  {
    "value": "Disqus",
    "synonyms": [
      "Disqus",
      "Disqus",
      "disqus.com"
    ]
  },
  {
    "value": "DLH",
    "synonyms": [
      "DLH",
      "DLH.net",
      "dlh.net"
    ]
  },
  {
    "value": "Dodonew",
    "synonyms": [
      "Dodonew",
      "Dodonew.com",
      "dodonew.com"
    ]
  },
  {
    "value": "Dominos",
    "synonyms": [
      "Dominos",
      "Domino\u0027s",
      "pizza.dominos.be"
    ]
  },
  {
    "value": "Dropbox",
    "synonyms": [
      "Dropbox",
      "Dropbox",
      "dropbox.com"
    ]
  },
  {
    "value": "DDO",
    "synonyms": [
      "DDO",
      "Dungeons \u0026 Dragons Online",
      "ddo.com"
    ]
  },
  {
    "value": "Duowan",
    "synonyms": [
      "Duowan",
      "Duowan.com",
      "duowan.com"
    ]
  },
  {
    "value": "DVDShopCH",
    "synonyms": [
      "DVDShopCH",
      "dvd-shop.ch",
      "dvd-shop.ch"
    ]
  },
  {
    "value": "Edmodo",
    "synonyms": [
      "Edmodo",
      "Edmodo",
      "edmodo.com"
    ]
  },
  {
    "value": "Elance",
    "synonyms": [
      "Elance",
      "Elance",
      "elance.com"
    ]
  },
  {
    "value": "EpicGames",
    "synonyms": [
      "EpicGames",
      "Epic Games",
      "epicgames.com"
    ]
  },
  {
    "value": "Eroticy",
    "synonyms": [
      "Eroticy",
      "Eroticy",
      "eroticy.com"
    ]
  },
  {
    "value": "eThekwiniMunicipality",
    "synonyms": [
      "eThekwiniMunicipality",
      "eThekwini Municipality",
      "eservices.durban.gov.za"
    ]
  },
  {
    "value": "Ethereum",
    "synonyms": [
      "Ethereum",
      "Ethereum",
      "ethereum.org"
    ]
  },
  {
    "value": "Evermotion",
    "synonyms": [
      "Evermotion",
      "Evermotion",
      "evermotion.org"
    ]
  },
  {
    "value": "Evony",
    "synonyms": [
      "Evony",
      "Evony",
      "evony.com"
    ]
  },
  {
    "value": "Experian",
    "synonyms": [
      "Experian",
      "Experian",
      "experian.com"
    ]
  },
  {
    "value": "ExploitIn",
    "synonyms": [
      "ExploitIn",
      "Exploit.In"
    ]
  },
  {
    "value": "VINs",
    "synonyms": [
      "VINs",
      "Exposed VINs"
    ]
  },
  {
    "value": "FashionFantasyGame",
    "synonyms": [
      "FashionFantasyGame",
      "FashionFantasyGame",
      "fashionfantasygame.com"
    ]
  },
  {
    "value": "FFShrine",
    "synonyms": [
      "FFShrine",
      "Final Fantasy Shrine",
      "ffshrine.org"
    ]
  },
  {
    "value": "FlashFlashRevolution",
    "synonyms": [
      "FlashFlashRevolution",
      "Flash Flash Revolution",
      "flashflashrevolution.com"
    ]
  },
  {
    "value": "Flashback",
    "synonyms": [
      "Flashback",
      "Flashback",
      "flashback.se"
    ]
  },
  {
    "value": "Fling",
    "synonyms": [
      "Fling",
      "Fling",
      "fling.com"
    ]
  },
  {
    "value": "Forbes",
    "synonyms": [
      "Forbes",
      "Forbes",
      "forbes.com"
    ]
  },
  {
    "value": "FoxyBingo",
    "synonyms": [
      "FoxyBingo",
      "Foxy Bingo",
      "foxybingo.com"
    ]
  },
  {
    "value": "FreedomHostingII",
    "synonyms": [
      "FreedomHostingII",
      "Freedom Hosting II",
      "fhostingesps6bly.onion"
    ]
  },
  {
    "value": "Fridae",
    "synonyms": [
      "Fridae",
      "Fridae",
      "fridae.asia"
    ]
  },
  {
    "value": "Funimation",
    "synonyms": [
      "Funimation",
      "Funimation",
      "funimation.com"
    ]
  },
  {
    "value": "FurAffinity",
    "synonyms": [
      "FurAffinity",
      "Fur Affinity",
      "furaffinity.net"
    ]
  },
  {
    "value": "GamerzPlanet",
    "synonyms": [
      "GamerzPlanet",
      "Gamerzplanet",
      "gamerzplanet.net"
    ]
  },
  {
    "value": "GameTuts",
    "synonyms": [
      "GameTuts",
      "GameTuts",
      "game-tuts.com"
    ]
  },
  {
    "value": "Gamigo",
    "synonyms": [
      "Gamigo",
      "Gamigo",
      "gamigo.com"
    ]
  },
  {
    "value": "Gawker",
    "synonyms": [
      "Gawker",
      "Gawker",
      "gawker.com"
    ]
  },
  {
    "value": "GeekedIn",
    "synonyms": [
      "GeekedIn",
      "GeekedIn",
      "geekedin.net"
    ]
  },
  {
    "value": "GFAN",
    "synonyms": [
      "GFAN",
      "GFAN",
      "gfan.com"
    ]
  },
  {
    "value": "gPotato",
    "synonyms": [
      "gPotato",
      "gPotato",
      "gpotato.com"
    ]
  },
  {
    "value": "GTAGaming",
    "synonyms": [
      "GTAGaming",
      "GTAGaming",
      "gtagaming.com"
    ]
  },
  {
    "value": "Playgar",
    "synonyms": [
      "Playgar",
      "Guns and Robots",
      "play-gar.com"
    ]
  },
  {
    "value": "HackForums",
    "synonyms": [
      "HackForums",
      "hackforums.net",
      "hackforums.net"
    ]
  },
  {
    "value": "HackingTeam",
    "synonyms": [
      "HackingTeam",
      "Hacking Team",
      "hackingteam.com"
    ]
  },
  {
    "value": "HealthNowNetworks",
    "synonyms": [
      "HealthNowNetworks",
      "Health Now Networks",
      "healthnow.co"
    ]
  },
  {
    "value": "Hemmakvall",
    "synonyms": [
      "Hemmakvall",
      "Hemmakväll",
      "hemmakvall.se"
    ]
  },
  {
    "value": "Hemmelig",
    "synonyms": [
      "Hemmelig",
      "hemmelig.com",
      "hemmelig.com"
    ]
  },
  {
    "value": "HeroesOfGaia",
    "synonyms": [
      "HeroesOfGaia",
      "Heroes of Gaia",
      "heroesofgaia.com"
    ]
  },
  {
    "value": "HeroesOfNewerth",
    "synonyms": [
      "HeroesOfNewerth",
      "Heroes of Newerth",
      "heroesofnewerth.com"
    ]
  },
  {
    "value": "HLTV",
    "synonyms": [
      "HLTV",
      "HLTV",
      "hltv.org"
    ]
  },
  {
    "value": "HongFire",
    "synonyms": [
      "HongFire",
      "HongFire",
      "hongfire.com"
    ]
  },
  {
    "value": "HoundDawgs",
    "synonyms": [
      "HoundDawgs",
      "HoundDawgs",
      "hounddawgs.org"
    ]
  },
  {
    "value": "iDressup",
    "synonyms": [
      "iDressup",
      "i-Dressup",
      "i-dressup.com"
    ]
  },
  {
    "value": "iMesh",
    "synonyms": [
      "iMesh",
      "iMesh",
      "imesh.com"
    ]
  },
  {
    "value": "imgur",
    "synonyms": [
      "imgur",
      "imgur",
      "imgur.com"
    ]
  },
  {
    "value": "Insanelyi",
    "synonyms": [
      "Insanelyi",
      "Insanelyi",
      "insanelyi.com"
    ]
  },
  {
    "value": "Interpals",
    "synonyms": [
      "Interpals",
      "InterPals",
      "interpals.net"
    ]
  },
  {
    "value": "iPmart",
    "synonyms": [
      "iPmart",
      "iPmart",
      "ipmart-forum.com"
    ]
  },
  {
    "value": "JobStreet",
    "synonyms": [
      "JobStreet",
      "JobStreet",
      "jobstreet.com"
    ]
  },
  {
    "value": "JustDate",
    "synonyms": [
      "JustDate",
      "Justdate.com",
      "justdate.com"
    ]
  },
  {
    "value": "Kickstarter",
    "synonyms": [
      "Kickstarter",
      "Kickstarter",
      "kickstarter.com"
    ]
  },
  {
    "value": "Kimsufi",
    "synonyms": [
      "Kimsufi",
      "Kimsufi",
      "kimsufi.com"
    ]
  },
  {
    "value": "KMRU",
    "synonyms": [
      "KMRU",
      "KM.RU",
      "km.ru"
    ]
  },
  {
    "value": "Lastfm",
    "synonyms": [
      "Lastfm",
      "Last.fm",
      "last.fm"
    ]
  },
  {
    "value": "Leet",
    "synonyms": [
      "Leet",
      "Leet",
      "leet.cc"
    ]
  },
  {
    "value": "Lifeboat",
    "synonyms": [
      "Lifeboat",
      "Lifeboat",
      "lbsg.net"
    ]
  },
  {
    "value": "LinkedIn",
    "synonyms": [
      "LinkedIn",
      "LinkedIn",
      "linkedin.com"
    ]
  },
  {
    "value": "LinuxMint",
    "synonyms": [
      "LinuxMint",
      "Linux Mint",
      "linuxmint.com"
    ]
  },
  {
    "value": "LittleMonsters",
    "synonyms": [
      "LittleMonsters",
      "Little Monsters",
      "littlemonsters.com"
    ]
  },
  {
    "value": "LizardSquad",
    "synonyms": [
      "LizardSquad",
      "Lizard Squad",
      "lizardstresser.su"
    ]
  },
  {
    "value": "Lookbook",
    "synonyms": [
      "Lookbook",
      "Lookbook",
      "lookbook.nu"
    ]
  },
  {
    "value": "LOTR",
    "synonyms": [
      "LOTR",
      "Lord of the Rings Online",
      "lotro.com"
    ]
  },
  {
    "value": "LoungeBoard",
    "synonyms": [
      "LoungeBoard",
      "Lounge Board",
      "loungeboard.net"
    ]
  },
  {
    "value": "LyricsMania",
    "synonyms": [
      "LyricsMania",
      "Lyrics Mania",
      "lyricsmania.com"
    ]
  },
  {
    "value": "Mac-Torrents",
    "synonyms": [
      "Mac-Torrents",
      "Mac-Torrents",
      "mac-torrents.com"
    ]
  },
  {
    "value": "MailRu",
    "synonyms": [
      "MailRu",
      "mail.ru Dump",
      "mail.ru"
    ]
  },
  {
    "value": "MajorGeeks",
    "synonyms": [
      "MajorGeeks",
      "MajorGeeks",
      "majorgeeks.com"
    ]
  },
  {
    "value": "MallCZ",
    "synonyms": [
      "MallCZ",
      "MALL.cz",
      "mall.cz"
    ]
  },
  {
    "value": "Malwarebytes",
    "synonyms": [
      "Malwarebytes",
      "Malwarebytes",
      "malwarebytes.org"
    ]
  },
  {
    "value": "MangaTraders",
    "synonyms": [
      "MangaTraders",
      "Manga Traders",
      "mangatraders.com"
    ]
  },
  {
    "value": "MasterDeeds",
    "synonyms": [
      "MasterDeeds",
      "Master Deeds"
    ]
  },
  {
    "value": "Mate1",
    "synonyms": [
      "Mate1",
      "Mate1.com",
      "mate1.com"
    ]
  },
  {
    "value": "MCBans",
    "synonyms": [
      "MCBans",
      "MCBans",
      "mcbans.com"
    ]
  },
  {
    "value": "MinecraftPocketEditionForum",
    "synonyms": [
      "MinecraftPocketEditionForum",
      "Minecraft Pocket Edition Forum",
      "minecraftpeforum.net"
    ]
  },
  {
    "value": "MinecraftWorldMap",
    "synonyms": [
      "MinecraftWorldMap",
      "Minecraft World Map",
      "minecraftworldmap.com"
    ]
  },
  {
    "value": "Minefield",
    "synonyms": [
      "Minefield",
      "Minefield",
      "minefield.fr"
    ]
  },
  {
    "value": "MoDaCo",
    "synonyms": [
      "MoDaCo",
      "MoDaCo",
      "modaco.com"
    ]
  },
  {
    "value": "ModernBusinessSolutions",
    "synonyms": [
      "ModernBusinessSolutions",
      "Modern Business Solutions",
      "modbsolutions.com"
    ]
  },
  {
    "value": "MoneyBookers",
    "synonyms": [
      "MoneyBookers",
      "Money Bookers",
      "moneybookers.com"
    ]
  },
  {
    "value": "MPGH",
    "synonyms": [
      "MPGH",
      "MPGH",
      "mpgh.net"
    ]
  },
  {
    "value": "MrExcel",
    "synonyms": [
      "MrExcel",
      "MrExcel",
      "mrexcel.com"
    ]
  },
  {
    "value": "mSpy",
    "synonyms": [
      "mSpy",
      "mSpy",
      "mspy.com"
    ]
  },
  {
    "value": "MuslimDirectory",
    "synonyms": [
      "MuslimDirectory",
      "Muslim Directory",
      "muslimdirectory.co.uk"
    ]
  },
  {
    "value": "MuslimMatch",
    "synonyms": [
      "MuslimMatch",
      "Muslim Match",
      "muslimmatch.com"
    ]
  },
  {
    "value": "myRepoSpace",
    "synonyms": [
      "myRepoSpace",
      "myRepoSpace",
      "myrepospace.com"
    ]
  },
  {
    "value": "MySpace",
    "synonyms": [
      "MySpace",
      "MySpace",
      "myspace.com"
    ]
  },
  {
    "value": "MyVidster",
    "synonyms": [
      "MyVidster",
      "MyVidster",
      "myvidster.com"
    ]
  },
  {
    "value": "NaughtyAmerica",
    "synonyms": [
      "NaughtyAmerica",
      "Naughty America",
      "naughtyamerica.com"
    ]
  },
  {
    "value": "Neopets",
    "synonyms": [
      "Neopets",
      "Neopets",
      "neopets.com"
    ]
  },
  {
    "value": "NetEase",
    "synonyms": [
      "NetEase",
      "NetEase",
      "163.com"
    ]
  },
  {
    "value": "Neteller",
    "synonyms": [
      "Neteller",
      "Neteller",
      "neteller.com"
    ]
  },
  {
    "value": "NetProspex",
    "synonyms": [
      "NetProspex",
      "NetProspex",
      "netprospex.com"
    ]
  },
  {
    "value": "Netshoes",
    "synonyms": [
      "Netshoes",
      "Netshoes",
      "netshoes.com.br"
    ]
  },
  {
    "value": "NextGenUpdate",
    "synonyms": [
      "NextGenUpdate",
      "NextGenUpdate",
      "nextgenupdate.com"
    ]
  },
  {
    "value": "NexusMods",
    "synonyms": [
      "NexusMods",
      "Nexus Mods",
      "nexusmods.com"
    ]
  },
  {
    "value": "Nihonomaru",
    "synonyms": [
      "Nihonomaru",
      "Nihonomaru",
      "nihonomaru.net"
    ]
  },
  {
    "value": "Nival",
    "synonyms": [
      "Nival",
      "Nival",
      "nival.com"
    ]
  },
  {
    "value": "NonNudeGirls",
    "synonyms": [
      "NonNudeGirls",
      "Non Nude Girls",
      "nonnudegirls.org"
    ]
  },
  {
    "value": "Nulled",
    "synonyms": [
      "Nulled",
      "Nulled",
      "nulled.cr"
    ]
  },
  {
    "value": "OnlinerSpambot",
    "synonyms": [
      "OnlinerSpambot",
      "Onliner Spambot"
    ]
  },
  {
    "value": "Onverse",
    "synonyms": [
      "Onverse",
      "Onverse",
      "onverse.com"
    ]
  },
  {
    "value": "OpenCSGO",
    "synonyms": [
      "OpenCSGO",
      "Open CS:GO",
      "opencsgo.com"
    ]
  },
  {
    "value": "OVH",
    "synonyms": [
      "OVH",
      "OVH",
      "ovh.com"
    ]
  },
  {
    "value": "OwnedCore",
    "synonyms": [
      "OwnedCore",
      "OwnedCore",
      "OwnedCore.com"
    ]
  },
  {
    "value": "PaddyPower",
    "synonyms": [
      "PaddyPower",
      "Paddy Power",
      "paddypower.com"
    ]
  },
  {
    "value": "Patreon",
    "synonyms": [
      "Patreon",
      "Patreon",
      "patreon.com"
    ]
  },
  {
    "value": "PayAsUGym",
    "synonyms": [
      "PayAsUGym",
      "PayAsUGym",
      "payasugym.com"
    ]
  },
  {
    "value": "PHPFreaks",
    "synonyms": [
      "PHPFreaks",
      "PHP Freaks",
      "phpfreaks.com"
    ]
  },
  {
    "value": "PixelFederation",
    "synonyms": [
      "PixelFederation",
      "Pixel Federation",
      "pixelfederation.com"
    ]
  },
  {
    "value": "Plex",
    "synonyms": [
      "Plex",
      "Plex",
      "plex.tv"
    ]
  },
  {
    "value": "Pokebip",
    "synonyms": [
      "Pokebip",
      "Pokébip",
      "pokebip.com"
    ]
  },
  {
    "value": "PokemonCreed",
    "synonyms": [
      "PokemonCreed",
      "Pokémon Creed",
      "pokemoncreed.net"
    ]
  },
  {
    "value": "PokemonNegro",
    "synonyms": [
      "PokemonNegro",
      "Pokémon Negro",
      "pokemonnegro.com"
    ]
  },
  {
    "value": "PoliceOne",
    "synonyms": [
      "PoliceOne",
      "PoliceOne",
      "policeone.com"
    ]
  },
  {
    "value": "Powerbot",
    "synonyms": [
      "Powerbot",
      "Powerbot",
      "powerbot.org"
    ]
  },
  {
    "value": "ProgrammingForums",
    "synonyms": [
      "ProgrammingForums",
      "Programming Forums",
      "programmingforums.org"
    ]
  },
  {
    "value": "PS3Hax",
    "synonyms": [
      "PS3Hax",
      "PS3Hax",
      "ps3hax.net"
    ]
  },
  {
    "value": "PSPISO",
    "synonyms": [
      "PSPISO",
      "PSP ISO",
      "pspiso.com"
    ]
  },
  {
    "value": "PSX-Scene",
    "synonyms": [
      "PSX-Scene",
      "PSX-Scene",
      "psx-scene.com"
    ]
  },
  {
    "value": "QatarNationalBank",
    "synonyms": [
      "QatarNationalBank",
      "Qatar National Bank",
      "qnb.com"
    ]
  },
  {
    "value": "QIP",
    "synonyms": [
      "QIP",
      "QIP",
      "qip.ru"
    ]
  },
  {
    "value": "QuantumBooter",
    "synonyms": [
      "QuantumBooter",
      "Quantum Booter",
      "quantumbooter.net"
    ]
  },
  {
    "value": "QuinStreet",
    "synonyms": [
      "QuinStreet",
      "QuinStreet",
      "quinstreet.com"
    ]
  },
  {
    "value": "R2-2017",
    "synonyms": [
      "R2-2017",
      "r2games.com"
    ]
  },
  {
    "value": "R2Games",
    "synonyms": [
      "R2Games",
      "R2Games",
      "r2games.com"
    ]
  },
  {
    "value": "Rambler",
    "synonyms": [
      "Rambler",
      "Rambler",
      "rambler.ru"
    ]
  },
  {
    "value": "Rankwatch",
    "synonyms": [
      "Rankwatch",
      "RankWatch",
      "rankwatch.com"
    ]
  },
  {
    "value": "BlueSnapRegpack",
    "synonyms": [
      "BlueSnapRegpack",
      "Regpack",
      "bluesnap.com"
    ]
  },
  {
    "value": "RetinaX",
    "synonyms": [
      "RetinaX",
      "Retina-X",
      "retinax.com"
    ]
  },
  {
    "value": "Reverb-Nation",
    "synonyms": [
      "Reverb-Nation",
      "ReverbNation",
      "reverbnation.com"
    ]
  },
  {
    "value": "RiverCityMedia",
    "synonyms": [
      "RiverCityMedia",
      "River City Media Spam List",
      "rivercitymediaonline.com"
    ]
  },
  {
    "value": "RosebuttBoard",
    "synonyms": [
      "RosebuttBoard",
      "Rosebutt Board",
      "rosebuttboard.com"
    ]
  },
  {
    "value": "SCDailyPhoneSpamList",
    "synonyms": [
      "SCDailyPhoneSpamList",
      "SC Daily Phone Spam List",
      "data4marketers.com"
    ]
  },
  {
    "value": "Seedpeer",
    "synonyms": [
      "Seedpeer",
      "Seedpeer",
      "seedpeer.eu"
    ]
  },
  {
    "value": "ServerPact",
    "synonyms": [
      "ServerPact",
      "ServerPact",
      "serverpact.com"
    ]
  },
  {
    "value": "Shotbow",
    "synonyms": [
      "Shotbow",
      "Shotbow",
      "shotbow.net"
    ]
  },
  {
    "value": "SkTorrent",
    "synonyms": [
      "SkTorrent",
      "SkTorrent",
      "sktorrent.eu"
    ]
  },
  {
    "value": "Snapchat",
    "synonyms": [
      "Snapchat",
      "Snapchat",
      "snapchat.com"
    ]
  },
  {
    "value": "Sony",
    "synonyms": [
      "Sony",
      "Sony",
      "sony.com"
    ]
  },
  {
    "value": "Soundwave",
    "synonyms": [
      "Soundwave",
      "Soundwave",
      "soundwave.com"
    ]
  },
  {
    "value": "SpecialKSpamList",
    "synonyms": [
      "SpecialKSpamList",
      "Special K Data Feed Spam List",
      "data4marketers.com"
    ]
  },
  {
    "value": "Spirol",
    "synonyms": [
      "Spirol",
      "Spirol",
      "spirol.com"
    ]
  },
  {
    "value": "Staminus",
    "synonyms": [
      "Staminus",
      "Staminus",
      "staminus.net"
    ]
  },
  {
    "value": "StarNet",
    "synonyms": [
      "StarNet",
      "StarNet",
      "starnet.md"
    ]
  },
  {
    "value": "SterKinekor",
    "synonyms": [
      "SterKinekor",
      "Ster-Kinekor",
      "sterkinekor.co.za"
    ]
  },
  {
    "value": "Stratfor",
    "synonyms": [
      "Stratfor",
      "Stratfor",
      "stratfor.com"
    ]
  },
  {
    "value": "SumoTorrent",
    "synonyms": [
      "SumoTorrent",
      "Sumo Torrent",
      "sumotorrent.sx"
    ]
  },
  {
    "value": "SweClockers",
    "synonyms": [
      "SweClockers",
      "SweClockers.com",
      "sweclockers.com"
    ]
  },
  {
    "value": "Taobao",
    "synonyms": [
      "Taobao",
      "Taobao",
      "taobao.com"
    ]
  },
  {
    "value": "Solomid",
    "synonyms": [
      "Solomid",
      "Team SoloMid",
      "solomid.net"
    ]
  },
  {
    "value": "TRAI",
    "synonyms": [
      "TRAI",
      "Telecom Regulatory Authority of India",
      "trai.gov.in"
    ]
  },
  {
    "value": "Teracod",
    "synonyms": [
      "Teracod",
      "Teracod",
      "teracod.org"
    ]
  },
  {
    "value": "Tesco",
    "synonyms": [
      "Tesco",
      "Tesco",
      "tesco.com"
    ]
  },
  {
    "value": "TheCandidBoard",
    "synonyms": [
      "TheCandidBoard",
      "The Candid Board",
      "thecandidboard.com"
    ]
  },
  {
    "value": "TheFappening",
    "synonyms": [
      "TheFappening",
      "The Fappening",
      "thefappening.so"
    ]
  },
  {
    "value": "TheFlyOnTheWall",
    "synonyms": [
      "TheFlyOnTheWall",
      "The Fly on the Wall",
      "theflyonthewall.com"
    ]
  },
  {
    "value": "TheTVDB",
    "synonyms": [
      "TheTVDB",
      "TheTVDB.com",
      "thetvdb.com"
    ]
  },
  {
    "value": "ThisHabboForum",
    "synonyms": [
      "ThisHabboForum",
      "ThisHabbo Forum",
      "thishabboforum.com"
    ]
  },
  {
    "value": "Tianya",
    "synonyms": [
      "Tianya",
      "Tianya",
      "tianya.cn"
    ]
  },
  {
    "value": "TorrentInvites",
    "synonyms": [
      "TorrentInvites",
      "Torrent Invites",
      "torrent-invites.com"
    ]
  },
  {
    "value": "Trillian",
    "synonyms": [
      "Trillian",
      "Trillian",
      "trillian.im"
    ]
  },
  {
    "value": "TruckersMP",
    "synonyms": [
      "TruckersMP",
      "TruckersMP",
      "truckersmp.com"
    ]
  },
  {
    "value": "Tumblr",
    "synonyms": [
      "Tumblr",
      "tumblr",
      "tumblr.com"
    ]
  },
  {
    "value": "Uiggy",
    "synonyms": [
      "Uiggy",
      "Uiggy",
      "uiggy.com"
    ]
  },
  {
    "value": "IGF",
    "synonyms": [
      "IGF",
      "UN Internet Governance Forum",
      "intgovforum.org"
    ]
  },
  {
    "value": "UnderworldEmpire",
    "synonyms": [
      "UnderworldEmpire",
      "Underworld Empire",
      "underworldempireforums.com"
    ]
  },
  {
    "value": "UnrealEngine",
    "synonyms": [
      "UnrealEngine",
      "Unreal Engine",
      "unrealengine.com"
    ]
  },
  {
    "value": "uTorrent",
    "synonyms": [
      "uTorrent",
      "uTorrent",
      "utorrent.com"
    ]
  },
  {
    "value": "uuu9",
    "synonyms": [
      "uuu9",
      "uuu9",
      "uuu9.com"
    ]
  },
  {
    "value": "VBulletin",
    "synonyms": [
      "VBulletin",
      "vBulletin",
      "vbulletin.com"
    ]
  },
  {
    "value": "Verified",
    "synonyms": [
      "Verified",
      "Verified",
      "verified.cm"
    ]
  },
  {
    "value": "VictoryPhones",
    "synonyms": [
      "VictoryPhones",
      "Victory Phones",
      "victoryphones.com"
    ]
  },
  {
    "value": "VK",
    "synonyms": [
      "VK",
      "VK",
      "vk.com"
    ]
  },
  {
    "value": "Vodafone",
    "synonyms": [
      "Vodafone",
      "Vodafone",
      "vodafone.is"
    ]
  },
  {
    "value": "VTech",
    "synonyms": [
      "VTech",
      "VTech",
      "vtechda.com"
    ]
  },
  {
    "value": "VTightGel",
    "synonyms": [
      "VTightGel",
      "V-Tight Gel",
      "vtightgel.com"
    ]
  },
  {
    "value": "WarInc",
    "synonyms": [
      "WarInc",
      "War Inc.",
      "thewarinc.com"
    ]
  },
  {
    "value": "Warframe",
    "synonyms": [
      "Warframe",
      "Warframe",
      "warframe.com"
    ]
  },
  {
    "value": "WeHeartIt",
    "synonyms": [
      "WeHeartIt",
      "We Heart It",
      "weheartit.com"
    ]
  },
  {
    "value": "WHMCS",
    "synonyms": [
      "WHMCS",
      "WHMCS",
      "whmcs.com"
    ]
  },
  {
    "value": "WIIUISO",
    "synonyms": [
      "WIIUISO",
      "WIIU ISO",
      "wiiuiso.com"
    ]
  },
  {
    "value": "WildStar",
    "synonyms": [
      "WildStar",
      "WildStar",
      "wildstar-online.com"
    ]
  },
  {
    "value": "Win7Vista",
    "synonyms": [
      "Win7Vista",
      "Win7Vista Forum",
      "win7vista.com"
    ]
  },
  {
    "value": "Wishbone",
    "synonyms": [
      "Wishbone",
      "Wishbone",
      "wishbone.io"
    ]
  },
  {
    "value": "WPT",
    "synonyms": [
      "WPT",
      "WPT Amateur Poker League",
      "wptapl.com"
    ]
  },
  {
    "value": "xat",
    "synonyms": [
      "xat",
      "xat",
      "xat.com"
    ]
  },
  {
    "value": "Xbox360ISO",
    "synonyms": [
      "Xbox360ISO",
      "Xbox 360 ISO",
      "xbox360iso.com"
    ]
  },
  {
    "value": "Xbox-Scene",
    "synonyms": [
      "Xbox-Scene",
      "Xbox-Scene",
      "xboxscene.com"
    ]
  },
  {
    "value": "XPGameSaves",
    "synonyms": [
      "XPGameSaves",
      "XPG",
      "xpgamesaves.com"
    ]
  },
  {
    "value": "XSplit",
    "synonyms": [
      "XSplit",
      "XSplit",
      "xsplit.com"
    ]
  },
  {
    "value": "Yahoo",
    "synonyms": [
      "Yahoo",
      "Yahoo",
      "yahoo.com"
    ]
  },
  {
    "value": "Yandex",
    "synonyms": [
      "Yandex",
      "Yandex Dump",
      "forum.btcsec.com"
    ]
  },
  {
    "value": "Youku",
    "synonyms": [
      "Youku",
      "Youku",
      "youku.com"
    ]
  },
  {
    "value": "YouPorn",
    "synonyms": [
      "YouPorn",
      "YouPorn",
      "youporn.com"
    ]
  },
  {
    "value": "Zomato",
    "synonyms": [
      "Zomato",
      "Zomato",
      "zomato.com"
    ]
  },
  {
    "value": "Zoosk",
    "synonyms": [
      "Zoosk",
      "Zoosk",
      "zoosk.com"
    ]
  },
  {
    "value": "Parapa",
    "synonyms": [
      "Parapa",
      "Пара Па",
      "parapa.mail.ru"
    ]
  },
  {
    "value": "SprashivaiRu",
    "synonyms": [
      "SprashivaiRu",
      "Спрашивай.ру",
      "sprashivai.ru"
    ]
  }
]