[
  {
    "value": "Account balances",
    "synonyms": [
      "Account balances"
    ]
  },
  {
    "value": "Address book contacts",
    "synonyms": [
      "Address book contacts"
    ]
  },
  {
    "value": "Age groups",
    "synonyms": [
      "Age groups"
    ]
  },
  {
    "value": "Ages",
    "synonyms": [
      "Ages"
    ]
  },
  {
    "value": "Apps installed on devices",
    "synonyms": [
      "Apps installed on devices"
    ]
  },
  {
    "value": "Astrological signs",
    "synonyms": [
      "Astrological signs"
    ]
  },
  {
    "value": "Auth tokens",
    "synonyms": [
      "Auth tokens"
    ]
  },
  {
    "value": "Avatars",
    "synonyms": [
      "Avatars"
    ]
  },
  {
    "value": "Bank account numbers",
    "synonyms": [
      "Bank account numbers"
    ]
  },
  {
    "value": "Banking PINs",
    "synonyms": [
      "Banking PINs"
    ]
  },
  {
    "value": "Beauty ratings",
    "synonyms": [
      "Beauty ratings"
    ]
  },
  {
    "value": "Biometric data",
    "synonyms": [
      "Biometric data"
    ]
  },
  {
    "value": "Browser user agent details",
    "synonyms": [
      "Browser user agent details"
    ]
  },
  {
    "value": "Buying preferences",
    "synonyms": [
      "Buying preferences"
    ]
  },
  {
    "value": "Car ownership statuses",
    "synonyms": [
      "Car ownership statuses"
    ]
  },
  {
    "value": "Career levels",
    "synonyms": [
      "Career levels"
    ]
  },
  {
    "value": "Cellular network names",
    "synonyms": [
      "Cellular network names"
    ]
  },
  {
    "value": "Charitable donations",
    "synonyms": [
      "Charitable donations"
    ]
  },
  {
    "value": "Chat logs",
    "synonyms": [
      "Chat logs"
    ]
  },
  {
    "value": "Credit card CVV",
    "synonyms": [
      "Credit card CVV"
    ]
  },
  {
    "value": "Credit cards",
    "synonyms": [
      "Credit cards"
    ]
  },
  {
    "value": "Credit status information",
    "synonyms": [
      "Credit status information"
    ]
  },
  {
    "value": "Customer feedback",
    "synonyms": [
      "Customer feedback"
    ]
  },
  {
    "value": "Customer interactions",
    "synonyms": [
      "Customer interactions"
    ]
  },
  {
    "value": "Dates of birth",
    "synonyms": [
      "Dates of birth"
    ]
  },
  {
    "value": "Deceased date",
    "synonyms": [
      "Deceased date"
    ]
  },
  {
    "value": "Deceased statuses",
    "synonyms": [
      "Deceased statuses"
    ]
  },
  {
    "value": "Device information",
    "synonyms": [
      "Device information"
    ]
  },
  {
    "value": "Device usage tracking data",
    "synonyms": [
      "Device usage tracking data"
    ]
  },
  {
    "value": "Drinking habits",
    "synonyms": [
      "Drinking habits"
    ]
  },
  {
    "value": "Drug habits",
    "synonyms": [
      "Drug habits"
    ]
  },
  {
    "value": "Eating habits",
    "synonyms": [
      "Eating habits"
    ]
  },
  {
    "value": "Education levels",
    "synonyms": [
      "Education levels"
    ]
  },
  {
    "value": "Email addresses",
    "synonyms": [
      "Email addresses"
    ]
  },
  {
    "value": "Email messages",
    "synonyms": [
      "Email messages"
    ]
  },
  {
    "value": "Employers",
    "synonyms": [
      "Employers"
    ]
  },
  {
    "value": "Ethnicities",
    "synonyms": [
      "Ethnicities"
    ]
  },
  {
    "value": "Family members\u0027 names",
    "synonyms": [
      "Family members\u0027 names"
    ]
  },
  {
    "value": "Family plans",
    "synonyms": [
      "Family plans"
    ]
  },
  {
    "value": "Family structure",
    "synonyms": [
      "Family structure"
    ]
  },
  {
    "value": "Financial investments",
    "synonyms": [
      "Financial investments"
    ]
  },
  {
    "value": "Financial transactions",
    "synonyms": [
      "Financial transactions"
    ]
  },
  {
    "value": "Fitness levels",
    "synonyms": [
      "Fitness levels"
    ]
  },
  {
    "value": "Genders",
    "synonyms": [
      "Genders"
    ]
  },
  {
    "value": "Geographic locations",
    "synonyms": [
      "Geographic locations"
    ]
  },
  {
    "value": "Government issued IDs",
    "synonyms": [
      "Government issued IDs"
    ]
  },
  {
    "value": "Health insurance information",
    "synonyms": [
      "Health insurance information"
    ]
  },
  {
    "value": "Historical passwords",
    "synonyms": [
      "Historical passwords"
    ]
  },
  {
    "value": "Home ownership statuses",
    "synonyms": [
      "Home ownership statuses"
    ]
  },
  {
    "value": "Homepage URLs",
    "synonyms": [
      "Homepage URLs"
    ]
  },
  {
    "value": "IMEI numbers",
    "synonyms": [
      "IMEI numbers"
    ]
  },
  {
    "value": "IMSI numbers",
    "synonyms": [
      "IMSI numbers"
    ]
  },
  {
    "value": "Income levels",
    "synonyms": [
      "Income levels"
    ]
  },
  {
    "value": "Instant messenger identities",
    "synonyms": [
      "Instant messenger identities"
    ]
  },
  {
    "value": "IP addresses",
    "synonyms": [
      "IP addresses"
    ]
  },
  {
    "value": "Job titles",
    "synonyms": [
      "Job titles"
    ]
  },
  {
    "value": "MAC addresses",
    "synonyms": [
      "MAC addresses"
    ]
  },
  {
    "value": "Marital statuses",
    "synonyms": [
      "Marital statuses"
    ]
  },
  {
    "value": "Names",
    "synonyms": [
      "Names"
    ]
  },
  {
    "value": "Nationalities",
    "synonyms": [
      "Nationalities"
    ]
  },
  {
    "value": "Net worths",
    "synonyms": [
      "Net worths"
    ]
  },
  {
    "value": "Nicknames",
    "synonyms": [
      "Nicknames"
    ]
  },
  {
    "value": "Parenting plans",
    "synonyms": [
      "Parenting plans"
    ]
  },
  {
    "value": "Partial credit card data",
    "synonyms": [
      "Partial credit card data"
    ]
  },
  {
    "value": "Passport numbers",
    "synonyms": [
      "Passport numbers"
    ]
  },
  {
    "value": "Password hints",
    "synonyms": [
      "Password hints"
    ]
  },
  {
    "value": "Passwords",
    "synonyms": [
      "Passwords"
    ]
  },
  {
    "value": "Payment histories",
    "synonyms": [
      "Payment histories"
    ]
  },
  {
    "value": "Payment methods",
    "synonyms": [
      "Payment methods"
    ]
  },
  {
    "value": "Personal descriptions",
    "synonyms": [
      "Personal descriptions"
    ]
  },
  {
    "value": "Personal health data",
    "synonyms": [
      "Personal health data"
    ]
  },
  {
    "value": "Personal interests",
    "synonyms": [
      "Personal interests"
    ]
  },
  {
    "value": "Phone numbers",
    "synonyms": [
      "Phone numbers"
    ]
  },
  {
    "value": "Physical addresses",
    "synonyms": [
      "Physical addresses"
    ]
  },
  {
    "value": "Physical attributes",
    "synonyms": [
      "Physical attributes"
    ]
  },
  {
    "value": "Political donations",
    "synonyms": [
      "Political donations"
    ]
  },
  {
    "value": "Political views",
    "synonyms": [
      "Political views"
    ]
  },
  {
    "value": "Private messages",
    "synonyms": [
      "Private messages"
    ]
  },
  {
    "value": "Professional skills",
    "synonyms": [
      "Professional skills"
    ]
  },
  {
    "value": "Profile photos",
    "synonyms": [
      "Profile photos"
    ]
  },
  {
    "value": "Purchases",
    "synonyms": [
      "Purchases"
    ]
  },
  {
    "value": "Purchasing habits",
    "synonyms": [
      "Purchasing habits"
    ]
  },
  {
    "value": "Races",
    "synonyms": [
      "Races"
    ]
  },
  {
    "value": "Recovery email addresses",
    "synonyms": [
      "Recovery email addresses"
    ]
  },
  {
    "value": "Relationship statuses",
    "synonyms": [
      "Relationship statuses"
    ]
  },
  {
    "value": "Religions",
    "synonyms": [
      "Religions"
    ]
  },
  {
    "value": "Reward program balances",
    "synonyms": [
      "Reward program balances"
    ]
  },
  {
    "value": "Salutations",
    "synonyms": [
      "Salutations"
    ]
  },
  {
    "value": "Security questions and answers",
    "synonyms": [
      "Security questions and answers"
    ]
  },
  {
    "value": "Sexual fetishes",
    "synonyms": [
      "Sexual fetishes"
    ]
  },
  {
    "value": "Sexual orientations",
    "synonyms": [
      "Sexual orientations"
    ]
  },
  {
    "value": "Smoking habits",
    "synonyms": [
      "Smoking habits"
    ]
  },
  {
    "value": "SMS messages",
    "synonyms": [
      "SMS messages"
    ]
  },
  {
    "value": "Social connections",
    "synonyms": [
      "Social connections"
    ]
  },
  {
    "value": "Social media profiles",
    "synonyms": [
      "Social media profiles"
    ]
  },
  {
    "value": "Spoken languages",
    "synonyms": [
      "Spoken languages"
    ]
  },
  {
    "value": "Support tickets",
    "synonyms": [
      "Support tickets"
    ]
  },
  {
    "value": "Survey results",
    "synonyms": [
      "Survey results"
    ]
  },
  {
    "value": "Time zones",
    "synonyms": [
      "Time zones"
    ]
  },
  {
    "value": "Travel habits",
    "synonyms": [
      "Travel habits"
    ]
  },
  {
    "value": "User statuses",
    "synonyms": [
      "User statuses"
    ]
  },
  {
    "value": "User website URLs",
    "synonyms": [
      "User website URLs"
    ]
  },
  {
    "value": "Usernames",
    "synonyms": [
      "Usernames"
    ]
  },
  {
    "value": "Utility bills",
    "synonyms": [
      "Utility bills"
    ]
  },
  {
    "value": "Vehicle details",
    "synonyms": [
      "Vehicle details"
    ]
  },
  {
    "value": "Website activity",
    "synonyms": [
      "Website activity"
    ]
  },
  {
    "value": "Work habits",
    "synonyms": [
      "Work habits"
    ]
  },
  {
    "value": "Years of birth",
    "synonyms": [
      "Years of birth"
    ]
  },
  {
    "value": "Years of professional experience",
    "synonyms": [
      "Years of professional experience"
    ]
  }
]