[
  {
    "id": "75c0f6a7-7d46-4366-b5f5-5d9b9520af95",
    "data": [
      {
        "text": "How do you know?",
        "userDefined": false
      }
    ],
    "isTemplate": false,
    "count": 0,
    "updated": 1519190678
  },
  {
    "id": "aac580b7-ca6b-44a2-9f56-b1726029b36e",
    "data": [
      {
        "text": "Did you hack the hackers?",
        "userDefined": false
      }
    ],
    "isTemplate": false,
    "count": 0,
    "updated": 1519190678
  },
  {
    "id": "223fd173-f6dd-4cb7-a291-1b43c5206cf3",
    "data": [
      {
        "text": "Who are you?",
        "userDefined": false
      }
    ],
    "isTemplate": false,
    "count": 0,
    "updated": 1519190678
  },
  {
    "id": "ba6d93e7-3cb2-4cd7-b684-cc3520715b52",
    "data": [
      {
        "text": "How did you do this?",
        "userDefined": false
      }
    ],
    "isTemplate": false,
    "count": 0,
    "updated": 1519190678
  },
  {
    "id": "2cd6b607-72bb-4f55-805a-7a196cccd058",
    "data": [
      {
        "text": "Where did this data come from?",
        "userDefined": false
      }
    ],
    "isTemplate": false,
    "count": 0,
    "updated": 1519190678
  },
  {
    "id": "dc834916-5036-43fb-8ccf-38d9bd0f1e96",
    "data": [
      {
        "text": "How did you get this data?",
        "userDefined": false
      }
    ],
    "isTemplate": false,
    "count": 0,
    "updated": 1519190678
  }
]