[
  {
    "id": "77361478-7e87-4f24-8a0c-24bcd3bdad47",
    "data": [
      {
        "text": "what\u0027s up",
        "userDefined": false
      }
    ],
    "isTemplate": false,
    "count": 0,
    "updated": 1519678307
  },
  {
    "id": "c4793fae-50d4-4157-83e1-50ed3675c961",
    "data": [
      {
        "text": "wat up",
        "userDefined": false
      }
    ],
    "isTemplate": false,
    "count": 0,
    "updated": 1519678307
  },
  {
    "id": "135791ba-1e8a-4305-af2d-b0b273ced4b1",
    "data": [
      {
        "text": "hello",
        "userDefined": false
      }
    ],
    "isTemplate": false,
    "count": 0,
    "updated": 1519678307
  },
  {
    "id": "7dee5712-fd01-4c6b-85c9-5f365f496d60",
    "data": [
      {
        "text": "hi",
        "userDefined": false
      }
    ],
    "isTemplate": false,
    "count": 0,
    "updated": 1519678307
  }
]