[
  {
    "id": "88c29298-3c21-451a-87f8-29d2e4def0f4",
    "data": [
      {
        "text": "I don\u0027t want to get hacked",
        "userDefined": false
      }
    ],
    "isTemplate": false,
    "count": 0,
    "updated": 1519681077
  },
  {
    "id": "202a4816-3ec6-4479-8279-71799d79c598",
    "data": [
      {
        "text": "I do I stop hackers?",
        "userDefined": false
      }
    ],
    "isTemplate": false,
    "count": 0,
    "updated": 1519681077
  },
  {
    "id": "35ef7748-f305-4bd4-8c25-c34ffe48072e",
    "data": [
      {
        "text": "How do I stop the pwnage?",
        "userDefined": false
      }
    ],
    "isTemplate": false,
    "count": 0,
    "updated": 1519681077
  },
  {
    "id": "7117d091-6b86-4679-87bb-62590c7e9a87",
    "data": [
      {
        "text": "how do I fix this?",
        "userDefined": false
      }
    ],
    "isTemplate": false,
    "count": 0,
    "updated": 1519681077
  },
  {
    "id": "c4608161-f073-46fb-8058-b5f2526bfa7d",
    "data": [
      {
        "text": "how do i protect myself?",
        "userDefined": false
      }
    ],
    "isTemplate": false,
    "count": 0,
    "updated": 1519234319
  },
  {
    "id": "0f7b1359-f431-49c7-8fe0-ff60b31cce36",
    "data": [
      {
        "text": "I don\u0027t want someone to hack my email",
        "userDefined": false
      }
    ],
    "isTemplate": false,
    "count": 0,
    "updated": 1519234319
  },
  {
    "id": "f3fac469-6ad8-4db6-a2a4-4b89d93693ca",
    "data": [
      {
        "text": "How do I stop this?",
        "userDefined": false
      }
    ],
    "isTemplate": false,
    "count": 0,
    "updated": 1519234319
  },
  {
    "id": "e495cf4f-ed80-4bdb-9d9b-d7eff64fb17e",
    "data": [
      {
        "text": "I want to fix this",
        "userDefined": false
      }
    ],
    "isTemplate": false,
    "count": 0,
    "updated": 1519234319
  },
  {
    "id": "c79a7320-4084-4ba4-9aec-dfbdf8318fae",
    "data": [
      {
        "text": "What can I do?",
        "userDefined": false
      }
    ],
    "isTemplate": false,
    "count": 0,
    "updated": 1519234319
  }
]