[
  {
    "id": "8e3a60a4-f97c-4e18-8335-d44fd7b688c4",
    "data": [
      {
        "text": "Don\u0027t tell me what to do",
        "userDefined": false
      }
    ],
    "isTemplate": false,
    "count": 0,
    "updated": 1519680878
  },
  {
    "id": "79ac6622-180e-45f1-9f48-86f905d386c2",
    "data": [
      {
        "text": "I don\u0027t want to",
        "userDefined": false
      }
    ],
    "isTemplate": false,
    "count": 0,
    "updated": 1519680878
  },
  {
    "id": "ab8da35a-d368-4c5e-804a-2fb3a4a93d45",
    "data": [
      {
        "text": "no",
        "userDefined": false
      }
    ],
    "isTemplate": false,
    "count": 0,
    "updated": 1519680878
  },
  {
    "id": "9c7f91bd-a2b6-4b7e-bbcb-6713b8c93835",
    "data": [
      {
        "text": "stupid",
        "userDefined": false
      }
    ],
    "isTemplate": false,
    "count": 0,
    "updated": 1519680612
  },
  {
    "id": "d2d45b12-0bc1-4b39-93f6-d5bd50a79ee9",
    "data": [
      {
        "text": "shitty",
        "userDefined": false
      }
    ],
    "isTemplate": false,
    "count": 0,
    "updated": 1519680612
  },
  {
    "id": "3b163755-c581-4d1f-b5b5-2445b2c21640",
    "data": [
      {
        "text": "fuck you",
        "userDefined": false
      }
    ],
    "isTemplate": false,
    "count": 0,
    "updated": 1519680612
  },
  {
    "id": "b4101d55-79b3-4802-86e9-18702c88e32d",
    "data": [
      {
        "text": "go away",
        "userDefined": false
      }
    ],
    "isTemplate": false,
    "count": 0,
    "updated": 1519680612
  },
  {
    "id": "fb86bc9c-6c92-4df9-bbfd-a8bf79fbd43f",
    "data": [
      {
        "text": "stop",
        "userDefined": false
      }
    ],
    "isTemplate": false,
    "count": 0,
    "updated": 1519680612
  },
  {
    "id": "fdbe0c67-6b62-4d26-8a57-7216dfc139c4",
    "data": [
      {
        "text": "cancel",
        "userDefined": false
      }
    ],
    "isTemplate": false,
    "count": 0,
    "updated": 1519680612
  }
]