[
  {
    "id": "18680fc6-63e6-45a2-bf3a-35a7a892d6e4",
    "data": [
      {
        "text": "What about ",
        "userDefined": false
      },
      {
        "text": "000webhost",
        "alias": "PwnedSite",
        "meta": "@PwnedSite",
        "userDefined": false
      }
    ],
    "isTemplate": false,
    "count": 0,
    "updated": 1519238601
  },
  {
    "id": "1bfefdb3-cd90-41cb-8589-b30b602889b9",
    "data": [
      {
        "text": "Did ",
        "userDefined": false
      },
      {
        "text": "LinkedIn",
        "alias": "PwnedSite",
        "meta": "@PwnedSite",
        "userDefined": true
      },
      {
        "text": " have a breach?",
        "userDefined": false
      }
    ],
    "isTemplate": false,
    "count": 0,
    "updated": 1519104688
  },
  {
    "id": "ac87100e-7cc8-4224-bd8a-1f9dc44bc8fb",
    "data": [
      {
        "text": "Was ",
        "userDefined": false
      },
      {
        "text": "Dropbox",
        "alias": "PwnedSite",
        "meta": "@PwnedSite",
        "userDefined": true
      },
      {
        "text": " hacked?",
        "userDefined": false
      }
    ],
    "isTemplate": false,
    "count": 0,
    "updated": 1519104688
  },
  {
    "id": "7bc82a07-f46a-4ca9-bde5-8a304606a53b",
    "data": [
      {
        "text": "Adobe",
        "alias": "PwnedSite",
        "meta": "@PwnedSite",
        "userDefined": true
      }
    ],
    "isTemplate": false,
    "count": 0,
    "updated": 1519104688
  }
]