[
  {
    "id": "d9e5fabc-62ed-49f8-9111-a4a82971db48",
    "data": [
      {
        "text": "Have I been compromised?",
        "userDefined": false
      }
    ],
    "isTemplate": false,
    "count": 0,
    "updated": 1519244936
  },
  {
    "id": "3ae80358-dcf4-40db-ba66-e30f343898dc",
    "data": [
      {
        "text": "did someone hack me?",
        "userDefined": false
      }
    ],
    "isTemplate": false,
    "count": 0,
    "updated": 1519244936
  },
  {
    "id": "108251d3-d880-4442-9b26-a71917c5d4b7",
    "data": [
      {
        "text": "have i been hacked?",
        "userDefined": false
      }
    ],
    "isTemplate": false,
    "count": 0,
    "updated": 1519244936
  },
  {
    "id": "b2763d4c-95c3-4a7f-a043-b5b39117bbba",
    "data": [
      {
        "text": "What about ",
        "userDefined": false
      },
      {
        "text": "yo@gmail.com",
        "alias": "PwnedEmail",
        "meta": "@sys.email",
        "userDefined": true
      },
      {
        "text": "?",
        "userDefined": false
      }
    ],
    "isTemplate": false,
    "count": 0,
    "updated": 1519190754
  },
  {
    "id": "5eb27a4c-d4ba-44f8-b3fd-7c814fdd362f",
    "data": [
      {
        "text": "Did someone hack my email?",
        "userDefined": false
      }
    ],
    "isTemplate": false,
    "count": 0,
    "updated": 1519190540
  },
  {
    "id": "f0eccc78-da9c-48fd-b88f-0c191826e811",
    "data": [
      {
        "text": "Did ",
        "userDefined": false
      },
      {
        "text": "LinkedIn@microsoft.com",
        "alias": "PwnedEmail",
        "meta": "@sys.email",
        "userDefined": true
      },
      {
        "text": " have a breach?",
        "userDefined": false
      }
    ],
    "isTemplate": false,
    "count": 0,
    "updated": 1519190540
  },
  {
    "id": "1d5d43ea-76f4-4457-b58a-fc5c23251701",
    "data": [
      {
        "text": "Did my email get hacked?",
        "userDefined": false
      }
    ],
    "isTemplate": false,
    "count": 0,
    "updated": 1519190540
  },
  {
    "id": "dda9b6cf-417a-44ca-bed1-0caf25c65e3b",
    "data": [
      {
        "text": "Was ",
        "userDefined": false
      },
      {
        "text": "example@gmail.com",
        "alias": "PwnedEmail",
        "meta": "@sys.email",
        "userDefined": true
      },
      {
        "text": " hacked?",
        "userDefined": false
      }
    ],
    "isTemplate": false,
    "count": 0,
    "updated": 1519190540
  },
  {
    "id": "7f940259-b06e-46c9-b777-6039dac1ae5e",
    "data": [
      {
        "text": "example@gmail.com",
        "alias": "PwnedEmail",
        "meta": "@sys.email",
        "userDefined": true
      }
    ],
    "isTemplate": false,
    "count": 0,
    "updated": 1519190540
  }
]